video_id,title,description,category_id
fTKqtvXjkvo,Top Hits 2025 ~ Summer Playlist 2025 ~ Top Songs 2025 Trending Music 🎶🎧,"Welcome to your ultimate summer soundtrack. This summer playlist is packed with the top hits 2025, blending the biggest ...",10
SlOSwow6cn8,Rob Deniel – Nandito Ako (Cover with Lyrics | Lyric Video) - Best Tagalog Love Songs 2025 - New OPM,Rob Deniel – Nandito Ako (Cover with Lyrics | Lyric Video) - Best Tagalog Love Songs 2025 - New OPM Welcome to Midnight ...,22
4Ubn51w6Ino,SWEETNOTES Nonstop 2025✨Romantic OPM Top Hits 2025 With Lyrics💃New OPM Top Hits Playlist 2025,Sweetnotes Nonstop Playlist 2025✨The Best Of OPM Hit Love Songs 2025  SWEETNOTES Cover Songs 2025 ...,22
3lZYvVRCWO0,𝗽𝗹𝗮𝘆𝗹𝗶𝘀𝘁🎧 틀어놓기만 해도 분위기를 채워주는 잔잔한 플레이리스트 | Chill &amp; Mood,"작업할 때, 공부할 때 , 뒹굴거릴 때, 일단 틀어놓으면 분위기는 책임질게요 조용한데 심심하진 않은, 잔잔한데 꽤 감성 터지는 음악 ...",10
JWLWczFtCag,BLOK3 - GİT (Official Music Video),"BLOK3 'ün Virtüöz EP 'sinden "" GİT '' isimli parçası video klibi ile birlikte Mundo Music etiketiyle şimdi tüm dijital platformlarda ...",10
jpZC476jE7c,"Jahman X-press - ARVA feat. Souleymane Faye, Soda Mama &amp; Kine Lam (clip officiel)",Crédits de la chanson et du clip : Auteur : Jahman X-press Production : OPTIQUE STUDIOS Directed by : IBRAHIMA MBENGUE ...,10
7CGKeID7nRc,GIMS &amp; La Mano 1.9 - PARISIENNE (Clip officiel),GIMS & La Mano 1.9 - PARISIENNE (Clip officiel) PARISIENNE disponible en streaming : https://bfan.link/parisienne-1 Abonne-toi ...,10
QRHhWwdX59k,DYSTINCT - YAMA (Official Music Video),Subscribe to our channel! Listen to 'DYSTINCT - YAMA' in the link below https://dystinctofficial.lnk.to/YAMA ☆ DYSTINCT ...,10
756YdTT-WJ0,"Goon Flavour, Master KG &amp; Eemoh - Ngishutheni (Official Music Video)","Out now: http://africori.to/ngishutheni Subscribe: @wanitwamos Get ready for the ultimate summer anthem! ""Ngishutheni"" is the ...",10
V9PVRfjEBTI,Billie Eilish - BIRDS OF A FEATHER (Official Music Video),Listen to HIT ME HARD AND SOFT: https://billieeilish.lnk.to/HITMEHARDANDSOFT Download BIRDS OF A FEATHER Live from ...,10
AYWSmmwdN2A,Saksi Ang Langit - December Avenue | Best New Tagalog Love Songs 2025 - Hot Hits OPM Trending,"Welcome to Midnight Tears – your ultimate destination for the most beautiful, emotional, and trending OPM Tagalog love songs of ...",22
8of5w7RgcTc,Afusic - Pal Pal (Official Music Video) Prod. @AliSoomroMusic,Listen Now On Spotify - https://open.spotify.com/track/4LMlVCXHJtCE9abhmn0mYo?si=ec8a6d106a054b63 If you've ever ...,10
IRMmpzCsyWA,Edwin McCain - I&#39;ll Be (Lyrics),Follow the official 7clouds playlist on Spotify : http://spoti.fi/2SJsUcZ ​   Edwin McCain - I'll Be (Lyrics) ⏬ Download / Stream: ...,22
GMkW_mJGvVs,Mga Lumang Tugtugin 60s 70s 80s 90s 🎈Pure Tagalog Pinoy Old Love Songs 🎈 Pamatay Tagalog Love Song,Mga Lumang Tugtugin 60s 70s 80s 90s Pure Tagalog Pinoy Old Love Songs Pamatay Tagalog Love Song ▻Thanks for ...,22
ACs908WpUaE,"Alipin - Michael Pangilinan | Top OPM Hits Philippines 2025 - Best Tagalog Songs on Spotify, YouTube",Alipin - Michael Pangilinan | Top OPM Hits Philippines 2025 - Best Tagalog Songs on Spotify & YouTube ✨ Let your heart dive ...,22
6wmDlk-7aMk,YLL LIMANI - LARG (Official Music Video),YLL LIMANI - LARG (Official Music Video) Subscribe to my YouTube channel here: https://lnk.to/subscribeYllLimani Turn on the ...,10
RGW5nMfZpp4,Ethiopian Music : Eyu Tsega እዩ ፀጋ (ከማን ጋር ላወዳድርሽ) - New Ethiopian Music 2025(Official Video),Ethiopian Music : Eyu Tsega እዩ ፀጋ (ከማን ጋር ላወዳድርሽ) - New Ethiopian Music 2025(Official Video) Ethiopian Music: ...,24
uRiB1tsFIkE,KATSEYE - Gabriela (Lyrics),Follow the official 7clouds playlist on Spotify : http://spoti.fi/2SJsUcZ ​   KATSEYE - Gabriela (Lyrics) ⏬ Download / Stream: ...,10
CIvjOVFCOig,"PAMPATULOG | ROMANTIC LOVE SONGS | COMPILATION | NON STOP MUSIC | LOVE SONGS 70s, 80s &amp; 90s","Experience the ultimate Pampatulog playlist with a beautiful compilation of romantic love songs from the 70s, 80s, and 90s.",22
M6W-yuxF7Vc,【放鬆治愈歌單】美國鄉村音樂 x 溫暖女聲，陪你一個人安靜的獨處，聽見自己的心聲｜治愈歌單｜放鬆歌單｜#studymusic #folksong,Hi，我們又遇見了。本次影片創作了22首美國鄉村音樂風格音樂，依舊是溫柔的女聲，簡約的旋律，希望能觸動你的心。就讓這個 ...,10
rHZWxxtCptc,Tiktok Mashup November 💜2025💜 (Not Clean),"Donate : https://paypal.me/levandao91 tiktok mashup, mashup not clean, tiktok mashup 2024, tiktok mashup 2024not clean, tiktok ...",22
MHy-8I4RQd0,Slow Rock Love Songs Collection 70s 80s 90s | Nonstop Slow Rock Pinoy Medley 💕 Best Luamang Tugtugin,"Slow Rock Love Songs Collection 70s 80s 90s, Nonstop Slow Rock Pinoy Medley, Best Lumang Tugtugin – Relive the golden ...",10
F0d8JJUNkqo,"Tabola Bale - Silet Open Up (feat. Jacson Zeran, Juan Reza &amp; Diva Aurel) (Official Music Video)","Tabola Bale - Silet Open Up (feat. Jacson Zeran, Juan Reza & Diva Aurel) (Official Music Video) Audio Video Credits Artists: Silet ...",10
VTbo8E8es9A,Mbosso - Pawa (Official Music Video),"Music video by Mbosso performing, “Pawa” (Power), is a heartfelt, poetic love song by Mbosso that captures the overwhelming ...",10
1SQLXUH4JSc,"မင်းနဲ့  - Nay Min Eain, Jewel (Official Music Video)","Vocal - Nay Min Eain, Jewel Composer - Nyein Chan Co Harmony - Acapella (Ludee, Sithu) Music Producer- Dave Chen Mixing ...",10
Ov0WLxomDs4,Naane Neenanthe Lyrical Video | BRAT | Sid Sriram |Lahari Mahesh|Darling Krishna|Manisha|AJ|Shashank,"The trio of Chartbuster JAGAVE NEENU GELATHIYE, Shashank X Sid Sriram X Arjun Janya are back with Another Soulful ...",24
qMMg5z2RWn8,Xojiakbar Ruzmetov - Sev mani \ Хожиакбар Рузметов - Сев мани (Videoklip),Xojiakbar Ruzmetov - Sev Mani Video Director: Sherzod Umarov Producer: Akhmedov Bekhruz ✍️ Author: Alem Choriyev ...,10
_JWMjsb1spw,"Best Silent Sanctuary Playlist 2025: 14, Ikaw Lamang, Kundiman | Trending Songs Philippines",Welcome to Midnight Tears – your ultimate destination for the most emotional OPM songs that touch the soul. This special ...,22
_amq3hxHIIc,Sanwariya Kar Do Beda Paar | Soulful Devotional Song | Bhakti Vibes🧘✨🕉️ #ai #song,Sanwariya Kar Do Beda Paar | Soulful Devotional Song | Bhakti Vibes  ✨🕉️ #ai #song This video is created using Artificial ...,22
cFjTcxZTZJg,Sunnatillo Do&#39;stov - Alyonushka | Суннатилло Дустов - Алёнушка,Shoir: Sunnatillo Do'stov Bastakor: Sunnatillo Do'stov RizaNova ilovasini yuklab oling @ https://rizanova.uz/apps Obuna bo'ling ...,10
W4d_I1vgw3s,Jerron Gutana Cover 2025 🎶 Air Supply Medley x MLTR Medley Tagalog Version 🎶 Original Filipino Music,Jerron Gutana Cover 2025 Air Supply Medley x MLTR Medley Tagalog Version Original Filipino Music ...,22
nWjpA4Nbpe8,Top OPM Songs Philippines 2025 🎧 Saranggola - Ben &amp; Ben | Best Tagalog Hits on Spotify &amp; YouTube,Top OPM Songs Philippines 2025 Saranggola - Ben & Ben | Best Tagalog Hits on Spotify & YouTube Fly high with the ...,22
AK-OfzFRO_A,Athuru Mithuru ( අතුරු මිතුරු ) - Dinudi Hettiarachchi | Official Music Video,Athuru Mithuru Official Music Video by Dinudi Hettiarachchi ♪ Stream & Download: https://eylnd.vyd.co/AthuruMithuru Powered ...,10
8zIJuhNxWZE,Rob Deniel - NANDITO AKO (Cover with Lyrics),ROB DENIEL - NANDITO AKO (Cover Lyrics | Lyrics Video) This lyrics video features a full cover performance of the OPM hit ...,22
ThkrLRy_KyY,RELAXING REGGAE MUSIC MIX 2025 🎸 NEW REGGAE LOVE SONGS  2025 🔔 ALL TIME FAVORITE REGGAE SONGS 2025,"____  Thanks for Watching  ____ ◢ Share this mix on social media (Facebook, Reddit, Twitter, etc.) so more people can listen ...",22
fN_Vq5FMTWs,&quot;He&#39;s probably out cheating&quot; 😭💔,"Credit: whyk4re , Young Dylan , Law&Crime Network , YNW Melly We respect copyright laws and comply with takedown ...",10
qeHOXg9Qnp8,Top 8 K-Pop Demon Hunters Songs (CD MUSIC),kpopdemonhunters #kpop #bass #viral #music #tiktok 00:00 - Golden by HUNTR/X 03:10 - Your Idol by Saja Boys 06:14 - Soda ...,10
495zc7_vGgA,G Herbo - Went Legit (Official Video),"PRE-SAVE 'LIL HERB': http://gherbo.lnk.to/LilHerb STREAM THE NEW SINGLE ""REASON"": https://gherbo.lnk.to/Reason ...",10
TN2bJY9qvKo,Keep On Loving You- Harmonica Band ft. Justine &amp; Monica  - Tagalog Songs Cover Of All Time 2025,Fall in love with the heartfelt sound of Harmonica Band ft. Justine & Monica in their beautiful rendition of “Keep On Loving You.,10
9QBwrzff06g,Draganov - TACH (Official Music Video),Subscribe to Draganov's YouTube channel here: https://www.youtube.com/@MrDraganov ♪ Listen to TACH on the digital ...,10
qSUTwjjCK-E,BAYANSULU - Aua rai | Official Video,BAYANSULU - Aua rai Composer: Kuat Abil Lyricist: Rakymzhan Ramazan BAYANSULU social: Instagram: ...,22
rV4iG4nn5Iw,Nati Ker - Neger Neger | ነገር ነገር - New Ethiopian Music 2025 (Official Video),Nati Ker - Neger Neger | ነገር ነገር - New Ethiopian Music 2025 (Official Video) Subscribe to Nati Ker | And Turn ON ...,24
G_bVCZ4fAiw,"Bagong Acoustic OPM 2025💞 💞💞AILA SANTOS, Sarah Geronimo, Angeline Quinto, Klarisse, Morissette Amon","Bagong Acoustic OPM 2025   AILA SANTOS, Sarah Geronimo, Angeline Quinto, Klarisse, Morissette Amon ...",22
EIUOC3DZdxE,Top Hits 2025 - Music 2025 || New Songs  Best English Songs  Best Pop Music Playlist  on Spotify,topsongs #topmusic #pophits #popsongs Top Hits 2025 - Music 2025 || New Songs Best English Songs Best Pop Music Playlist ...,10
2FFEo2RN0yU,Khadeair - Magumba [Visualizer] (Performance Video),Shot & Directed by Tshegofatso Mahlong Lighting: T.M Photographer Production: Top Level Films.,27
BsYrQ1WUCCk,SWEETNOTES Nonstop Love Songs Medley 2025💥Top Hits Tagalog Love Songs💖Love Songs 2025,SWEETNOTES Nonstop Love Songs Medley 2025  Top Hits Tagalog Love Songs  Love Songs 2025 ...,22
ogWztLP-_10,🎧 // MONTAGEM COMA [ SLOWED ] (BRAZILIAN PHONK 🥶🥵💀,phonk #phonkmusic #phonkdrift #bass #avee_player Songs for your day  #phonk #funk #music #bassboosted #foryou,10
SDd3AyocuxU,100%heartattack#heartattack #cover #singer #music #song,,22
JgDNFQ2RaLQ,Ed Sheeran - Sapphire (Official Music Video),Listen to 'Sapphire' now: https://es.lnk.to/sapphireID Brand new album 'Play' out now: https://es.lnk.to/play Sapphire - Behind the ...,10
3ihtcnPwkqI,Acoustic songs 2025 🌸 Music 2025 new songs with lyrics that last through love,"Playlist Spotify: https://magicmusic.lnk.to/theBestPop Welcome to Acoustic Radio, your daily radio for acoustic songs 2025, ...",10
XGsW4mHDRKU,Nine people with life-threatening injuries after stabbings on UK train | BBC News,Ten people are in hospital with nine believed to have life-threatening injuries - after a stabbing attack on board a ...,25
C1fnk9H9v5A,LIVE: Police to give update after Doncaster-London train stabbings | BBC News,Police are due to give an update after passengers travelling from Doncaster to London in the UK were attacked in a mass ...,25
P4b7aS7oECk,"Update on Bagyong #TinoPH as of 11 AM (Nov. 2, 2025) | GMA Integrated News","State weather bureau PAGASA gives an update on Bagyong #TinoPH as of 11 AM today, November 2, 2025.",25
oXmuua6MRMU,"24 Oras Weekend (Part 1) November 2, 2025","24 Oras Weekend is GMA Network's flagship newscast, anchored by Ivan Mayrina and Pia Arcangel. It airs on GMA-7, Saturdays ...",25
D02FDmmCupE,সময় সংবাদ | বিকাল ৫টা | ০২ নভেম্বর ২০২৫ | Somoy TV Bulletin  5pm | Latest Bangladeshi News,ncp #shaplakol #tribunal #bnp #julysonod #somoytvbulletin সময় সংবাদ | বিকাল ৫টা | ০২ নভেম্বর ...,25
FctMsp4nCx8,Mass stabbing on UK train leaves nine injured | 9 News Australia,Two people have been arrested after a mass stabbing on a London-bound train in the UK. | *Subscribe and ...,25
9_URqL2fl8A,🔴11/02【LIVE】TVBS NEWS晚間整點新聞 重點直播 Taiwan News 20251102,請訂閱【TVBS新聞網】YT  https://tvbs.pse.is/7hnrvn ○TVBS新聞APP 快來下載  https://bit.ly/47n6SOm ○加入【TVBS娛樂 ...,25
wTccfmYdySk,"PBS News Weekend full episode, Nov. 1, 2025","Saturday on PBS News Weekend, as the government shutdown begins a new month, tens of millions of low-income Americans ...",25
S_FVBbbVO7s,"24 Oras Weekend: (Part 1) November 1, 2025","24 Oras Weekend is GMA Network's flagship newscast, anchored by Ivan Mayrina and Pia Arcangel. It airs on GMA-7, Saturdays ...",25
1Xi1QM9Ba9A,Billions in cuts: What Carney&#39;s budget means for Canada&#39;s public services,The public service is bracing for billions of dollars in spending cuts in Tuesday's federal budget. The prime minister has repeatedly ...,25
L3aHDNJ4mw8,Sad Incident | Headlines Geo News 5 AM | 2nd Nov 2025,GeoNews ##KarachiFire #BreakingNews #GulistaneJohar #KarachiNews #FireIncident #PakistanNews #RescueOperation ...,25
EY0X-0UrQuM,News🔴today nepali news aaj ka mukhya samachar taja l,"News  today nepali news aaj ka mukhya samachar taja l news,today news, today nepali news,aaj ka mukhya samachar,nepali ...",25
IOZ0frx8HVc,today news🔴 live news || nepali news || live mukhe samachar || today November 2_2025,today news   live news || nepali news || live mukhe samachar || today November 2_2025 #todaynews #live_news #nepalinews ...,25
nEG8RN8Dsv4,সময় সংবাদ | দুপুর ১২টা | ০২ নভেম্বর ২০২৫ | Somoy TV Bulletin 12PM | Latest Bangladeshi News,gonovote #politicalparty #trump #mirzafakhrul #somoytvbulletin সময় সংবাদ | দুপুর ১২টা | ০১ নভেম্বর ...,25
eahwmNfTgzw,এটিএন বাংলার দুপুর ১২ টার সংবাদ | 02.11.2025 | Todays News | Ajker News | ATN Bangla News,atn #atnbangla #atnbanglanews #updatenews #topnews #todaynews #latestnews #breakingnews #news #khobor #sangbad ...,25
pLhsdZRZ1YU,𝐋𝐚𝐡𝐨𝐫𝐞 𝐑𝐞𝐜𝐨𝐫𝐝𝐬 𝐖𝐨𝐫𝐬𝐭 𝐀𝐢𝐫 𝐐𝐮𝐚𝐥𝐢𝐭𝐲 𝐢𝐧 𝐭𝐡𝐞 𝐖𝐨𝐫𝐥𝐝 | Geo News 12PM Headlines | 02 November 2025,Peshawar #CTD #Blast #Netherlands #TrainCrash #DutchNews #IstanbulTalks #Pakistan #Afghanistan #Taliban #DonaldTrump ...,25
9K_F4i5rhwg,today news🔴 live news || nepali news || mukhe samachar || mukhe khabar || November 2_2025,today news   live news || nepali news || mukhe samachar || mukhe khabar || November 2_2025 #todaynews #live_news ...,25
4T9CRxoXmCQ,Republican senator lays out &#39;the simplest solution&#39; as SNAP set to expire,"Fox News' Alexandria Hoff, White House economic advisor Kevin Hassett and Sen. John Cornyn, R-Texas, join 'Fox News Live' to ...",25
z4Kpx7oM3eg,সময় সংবাদ | বিকাল ৩টা | ০২ নভেম্বর ২০২৫ | Somoy TV Bulletin  3pm | Latest Bangladeshi News,politicalparty #tribunal #teachersprotest #bishwaijtema #somoytvbulletin সময় সংবাদ | বিকাল ৩টা | ০২ ...,25
fkjiW9gdz-k,අද දෙරණ 12.00 මධ්‍යාහ්න පුවත් විකාශය - 2025.11.02 | Ada Derana Midday Prime  News Bulletin,Ada Derana | ශ්‍රී ලංකාවේ විශ්වසනීය හා ප්‍රමුඛතම පුවත් සපයන්නා Disclaimer: This ...,25
Pjgv0woxERs,【LIVE】昼のニュース（Japan News Digest Live）最新情報など｜TBS NEWS DIG（11月2日）,TBS/JNNニュースから、最新情報をダイジェストでお届けします。 #最新ニュース #TBS #news ▽TBS NEWS DIG 公式サイト ...,25
RMqAFbDjWKg,"বাংলাদেশে আসছেন জাকির নায়েক, সতর্ক বার্তা ভারতের | Zakir Nayek | India | ATN News","বাংলাদেশে আসছেন জাকির নায়েক, সতর্ক বার্তা ভারতের | Zakir Nayek | India ...",25
SfFHKt8mAS8,Trump Threatens US Military Action in Nigeria | 09 AM News Headlines | 02 Nov 2025 | SAMAA TV,samaatv #pakafghanclash #pakafghanwar #pakindiawar #trump #pakafghanborder #headlines #india #pakistan #israel ...,25
iCzKI_lMv3A,𝐏𝐚𝐤-𝐀𝐟𝐠𝐡𝐚𝐧 𝐓𝐞𝐧𝐬𝐢𝐨𝐧 - 𝐊𝐡𝐚𝐰𝐚𝐣𝐚 𝐀𝐬𝐢𝐟&#39;𝐬 𝐒𝐭𝐚𝐭𝐞𝐦𝐞𝐧𝐭 | Headlines Geo News 9 PM | 1st November 2025,GeoNews #PakAfghanTalks #PakAfghanRelations #PMShehbazSharif #MBS #SohailAfridi #PMLN #DGISPR #PakArmy ...,25
ETgyxuZvKjM,Gir Somnath Lion On Volleyball Ground News | ગીરની સિંહણે વોલીબોલ ગ્રાઉન્ડ પર મારી લટાર | N18S,Gir Somnath Lion On Volleyball Ground News | ગીરની સિંહણે વોલીબોલ ગ્રાઉન્ડ પર મારી ...,25
LkNbVsIUuMs,🔴 LIVE  - News 1st: Prime Time Sinhala News - 7 PM (02.11.2025) රාත්‍රී 7.00 ප්‍රධාන ප්‍රවෘත්ති,news1st #primetimenewsnews LIVE - News 1st: Prime Time Sinhala News - 7 PM (02.11.2025) රාත්‍රී 7.00 ...,25
ALNqwbdKPOA,AO VIVO: Acompanhe as principais notícias do dia na Record News,Inscreva-se no canal da Record News no YouTube: http://www.youtube.com/recordnews ACOMPANHE A RECORD NEWS ...,25
SI58SgisjDk,【LIVE】朝のニュース（Japan News Digest Live）最新情報など｜TBS NEWS DIG（11月2日）,11月2日（日）の早朝から TBS NEWS で放送された最新のニュースをダイジェストでお届けします。 ・高市総理「解散を考えて ...,25
HahYX-TWVrs,Aaj Ki Taaza Khabar LIVE: Bihar Election 2025 | Dularchand | Mokama Murder | Anant Singh | PM Modi,Aaj Ki Taaza Khabar LIVE: Bihar Election 2025 | Dularchand | Mokama Murder | Anant Singh | Andhra Temple Stampede | PM ...,25
xX5ipmMs1gc,DVB Digital မနက် ၁၁ နာရီ သတင်း (၂ ရက် နိုဝင်ဘာလ ၂၀၂၅),ထိုင်းမှာ စစ်တပ်ထောက်ခံတဲ့ အနုပညာရှင်ပွဲအချို့ ဖျက်သိမ်း ...,25
C-tdbHoSopU,අද දෙරණ 6.55 ප්‍රධාන පුවත් විකාශය - 2025.11.01 | Ada Derana Prime Time News Bulletin,Disclaimer: This video contains visuals taken from external sources solely for news purposes Ada Derana | ශ්‍රී ලංකාවේ ...,25
_Fjcou9w1ko,Редакция News: 193-я неделя,"Новая Редакция News! 18+ НАСТОЯЩИЙ МАТЕРИАЛ (ИНФОРМАЦИЯ) ПРОИЗВЕДЕН, РАСПРОСТРАНЕН И (ИЛИ) ...",22
K3p6Zx5biD8,Bihar Election 2025 LIVE News | NDA | Mahagathbandhan | Manifesto | Mokama Murder | Dularchand Yadav,Bihar Election 2025 LIVE News | NDA | Mahagathbandhan | Manifesto | Mokama Murder | Dularchand Yadav Dularchand Yadav ...,25
H8fZXdvde2I,এটিএন বাংলার সকাল ৭ টার সংবাদ | 02.11.2025 | Bangla News | Ajker News | ATN Bangla News,atn #atnbangla #atnbanglanews #updatenews #topnews #todaynews #latestnews #breakingnews #news #khobor #sangbad ...,25
mxzdD2q5xsk,【LIVE】夜のニュース（Japan News Digest Live）最新情報など｜TBS NEWS DIG（11月2日）,11月2日（日）の夕方から放送された最新のニュースをダイジェストでお届けします。 #ニュース #news #live #tbs #japan ...,25
uzkM-C5TCcs,Breaking News Today LIVE | রাত ৮-টার বড় খবর | Mamata Banerjee | Suvendu Adhikari | SIR News,Breaking News Today LIVE | রাত ৮-টার বড় খবর | Mamata Banerjee | Suvendu Adhikari | SIR News Suvendu Adhikari ...,25
l2WX4YJIzAA,News Ki Pathshala |Sushant Sinha: China ने ऐसा क्या कि Trump झुक गए ?|#shortvideo|#shorts,News Ki Pathshala |Sushant Sinha: China ने ऐसा क्या कि Trump झुक गए ?|#shortvideo|#shorts #newskipathshala ...,25
kZIjqRmAhgY,F*cksNews: Especial De Halloween II,Boletas Mexico: https://fucks-news-noticreo.boletia.com/ Boletas Panama: ...,23
OrayK8iWBDA,24 Dead from Hurricane Melissa | Widespread Looting Reported in Black River,"Jamaica News Today - Television Jamaica (TVJ) a Trusted Source for News, Sports & Entertainment. For Jamaican news, sports ...",25
343L2DfmrQY,🔴11/01【LIVE】TVBS NEWS晚間整點新聞 重點直播 Taiwan News 20251101,請訂閱【TVBS新聞網】YT  https://tvbs.pse.is/7hnrvn ○TVBS新聞APP 快來下載  https://bit.ly/47n6SOm ○加入【TVBS娛樂 ...,25
mw7CNzXbFL4,"Today Breaking News ! आज 02 नवंबर 2025 के मुख्य समाचार बड़ी खबरें, PM Modi, UP, Bihar, Delhi, SBI","Today Breaking News ! आज 02 नवंबर 2025 के मुख्य समाचार बड़ी खबरें, PM Modi, UP, Bihar, Delhi, ...",25
CnxnerjLp30,Taiwan&#39;s Military Welcomes M1A2T Abrams Tanks Into Service｜TaiwanPlus News,"Taiwan's new M1A2T tanks enter service, but with cheap drones now capable of taking out costly armor, how can Taiwan make ...",25
jLBSM5nJ01c,#LIVE | এই মুহূর্তের বড় ব্রেকিং | Republic Bangla LIVE | Breaking News | West Bengal News,LIVE | এই মুহূর্তের বড় ব্রেকিং | Republic Bangla LIVE | Breaking News | West Bengal News ...,25
UFYjWVq6LcE,&#39;I felt helpless&#39; | Cambridgeshire train stabbings eye witness recalls horrific incident,'I stood there praying. I felt helpless. This is not the England I grew up in.' GB News' Mark White reads out a statement written by ...,25
WoDF6Ls5mA8,Cambodia starts removal of heavy weapons and equipment from border,"DD India is India's 24x7 international news channel from the stable of the country's Public Service Broadcaster, Prasar Bharati.",25
6QgOdpKNeP4,এটিএন বাংলার সন্ধ্যা ৬ টার সংবাদ | 01.11.2025 | Bangla News | Ajker News | BD News | ATN Bangla News,atn #atnbangla #atnbanglanews #updatenews #topnews #todaynews #latestnews #breakingnews #news #khobor #sangbad ...,25
gvW4M5wRz9Y,রাতের বাংলাদেশ | Latest News | Rater Bangladesh | 10 PM | 01 November 2025 | Jamuna TV,ফেব্রুয়ারিতেই হতে হবে জাতীয় নির্বাচন। আর নির্বাচনের দিনই করতে ...,25
YWL0cq0Rp58,Aaj Ki Taaza Khabar Live : 02 November 2025 | PM Modi | Bihar Election | NDA | RJD | Hindi News Live,Aaj Ki Taaza Khabar Live : 02 November 2025 | PM Modi | Bihar Election | NDA | RJD | Hindi News Live #live #livenews ...,25
vO77rfi3Ks4,জাকির নায়েকের বাংলাদেশে আসা নিয়ে যা বললেন ধর্ম উপদেষ্টা #zakirnaik #bangladesh #jamunatv,জাকির নায়েকের বাংলাদেশে আসা নিয়ে যা বললেন ধর্ম উপদেষ্টা #zakirnaik ...,25
RaU5KXmL8jQ,এটিএন বাংলার দুপুর ২ টার সংবাদ | 01.11.2025 | Today&#39;s News | Latest News | ATN Bangla News,atn #atnbangla #atnbanglanews #updatenews #topnews #todaynews #latestnews #breakingnews #news #khobor #sangbad ...,25
YHqpKFaFbyc,Tomahawk Steak Frites!🥩 @ChefRush,,26
CFArDEL2_RQ,How to Cook Rice in a Coconut #bushcraft #cooking #camping,"How to Cook Rice in a Coconut Welcome to ""Mao Bushcraft"" - where creativity and survival skills merge in an exciting YouTube ...",19
hziqTqnleM0,I Cooked Every Bird in the World,Check out MaxJerky here! https://www.maxjerky.com/pages/all-products ————— SUBSCRIBE and RING THE BELL to get ...,22
IHDX1eVP-_Q,Fried chicken sandwich with meat ball 😋,,24
RGDYst6eErY,This can’t be real #recipe #cooking #foodasmr #food,,22
VrydNMFT8f4,would you eat this? #asmr #cooking,Best of Zach Choi Foods | MUKBANG | COOKING | ASMR Check out my TikTok: http://www.tiktok.com/@thezachchoi Check out ...,22
Ef16KZFk1jA,Chicken Parm Sandwich! @itsQCP,,26
dv7BDkQmvhA,How to Cook with Ice 🧊,"Leave a like, subscribe & hit the notification button! Business Inquiries: jetbentlee@gmail.com.",22
9FLFC19T2p4,No B.S cooking episode 1,,26
JBJBLztz_CM,Eat the Balls dammit! @GugaFoods @patrickzeinali #cooking #chef #funny #cooking #viralvideo #yum,,24
KfkrYaSZv9w,How to crispy cake recipe #shorts #shortvideo #cooking #food #recipe,,22
6Db60rwdOuY,How To Cook Blue Lobster,lobster #joke #shorts.,22
tCNiIbnJ9BI,Fishing🔥 #fishing #cooking #survival #carpfishing #food,,22
GZTDYiSWtf0,would you eat this? #asmr #cooking,Best of Zach Choi Foods | MUKBANG | COOKING | ASMR Check out my TikTok: http://www.tiktok.com/@thezachchoi Check out ...,22
DBmq18buMIo,My Kids Wanted Cheeseburgers #shorts #cooking #recipe,,22
Wo0smJajSuM,Full English Breakfast 🥓🍳🇬🇧 #Shorts,,22
Ncp0rL5wUT0,Lobster Revenge,ChefRush #lobster #summer #grill.,22
hMBzGRSnTEQ,Top Korean Street Food 🍗 Fried Chicken Drumstick and Noodles in Mini Kitchen 🍗 Tina Mini Cooking,"Hey hey, chefs and real mini food lovers! Welcome to Tina Mini Cooking the cutest tiny kitchen ever! Here, we make real ...",24
xK0tIoqgEIc,"Wagyu, Lobster, Truffles, Uni, Garlic","Japanese A5 Wagyu w/ Truffle Butter, Lobster Tails w/ Uni Butter, DB Mashed Potato's w/ Wagyu Fat #cooking #recipe ...",22
MPqR0Q4i1D0,Tajio&#39;s Ultimate Grand Line Curry Cook-off!🍛 #shorts #onepiece #curry #sanji,Don't forget to subscribe to my channel!,22
cZ8Eh-IJUqo,Make giant noodles with me #asmr #food #cooking #asmrfood #noodles #lunch #koreanfood,,22
fbatqm3-5nU,Roma and Diana Pretend Play Cooking Food Toys with Kitchen Play Set,Diana pretend play cooking food toys with her kitchen play set! Roma came to visit Diana and asked to eat. Little Girl cook food ...,24
IrDB1HMuMFE,She can cook 👩🏻‍🍳 #shorts #couple #relationship,,22
29a7_Y0WIOo,Trying to feed a picky eater #cooking #recipe #foodasmr #food,,22
O27nLt1BRa8,Spicy noodles from @lumpiaqueen #shorts,,22
k9TtQLWg8Ig,CHOCOLATE MILKSHAKE | Dark Chocolate Milkshake Recipe in American Village | Healthy Summer Drink,"We prepared a thick and creamy Dark Chocolate Milkshake in the American village style using real dark chocolate, boiled milk, ...",26
8k-NAnVusSc,Can TEENAGERS Cook? (Breakfast edition),Would you eat this breakfast? GRAB MY COOKBOOK!: https://geni.us/BeyondMeasureCookbook Connect with me on Discord: ...,19
AvhZLBxrH4A,Oklahoma Onion Smash Burger! 🍔 🧅,,26
c6WcA_UGHcQ,Instant Bread bites 😋 ASMR Cooking 🎧 #shorts #asmr #food #cooking #breadbites #shricooking #recipe,,22
TOOq4qLIX5k,Tuna 🍣 ​⁠@patrickzeinali ​⁠@ChefRush,,26
i337dnlTY3c,"Home-Style Filipino Chicken Dishes Nobody Can Resist | Cooking 3 at Once.Afritada,Adobo,Halanghalang","Home-Style Filipino Chicken Dishes Nobody Can Resist | Cooking 3 at Once.Afritada,Adobo,Halanghalang.",22
liExnlWDR30,this has the heart of all asians,fried rice :),22
qgwHxIXuyvQ,Spicy Rum Chicken 🍗 #shorts,Would u like to eat this? The recipe is mentioned in the comment section   #chicken #friedchicken #rumchicken #asmr #Cooking ...,26
E_gckbY2HjE,Cooking Every EXOTIC Salmon,Check out MaxJerky here! https://www.maxjerky.com/pages/all-products ————— SUBSCRIBE and RING THE BELL to get ...,22
DeQgPVO40aE,D is for dumpling #cooking #recipe #foodasmr #food,,22
Y_BYBDrbqao,Butter chicken samosa #shorts,,22
YYsg_vZEDng,How to Cook Eggs with Tomatoes and Cheese for Breakfast. Tomatoes. Onion.Eggs.,Yummy FOR BREAKFAST in minutes! Do you have a tomato and an egg? Inexpensive and tasty recipe. I have never tried such ...,22
m4r4_Zo-cIc,Paying strangers to cook for me #cookingchallenge #cookforme #cooking #newyork,,22
nQzdTYKWjHs,Cooking frozen chicken @Foodbymaria #shorts,can you cook frozen chicken? #cooking #recipe #chicken.,26
9w9GlT4Zyl8,Wall&#39;s 3 in 1 Ice Cream 🍦 Perfect Mini Summer Dessert by Miniature Cooking,"Hi everyone! I'm Mico from Miniature Cooking! In today's video, we're making the ultimate miniature Wall's 3-in-1 Ice Cream — the ...",24
4MIJpa3d9r4,Chili Crab Pizza @ChefRush,It was real item Ji Li Crab Pizza. Inspired by famous Singaporean Chili Crab Dish. The result was incredible! But it was most ...,26
oDh58oNhJLs,Why hasn’t anyone done this #cooking #foodasmr #food #recipe,,22
7v5x6svjmsc,"chicken spiedies from binghamton, ny #sandwich #sauce #cooking",,19
AxFOBU5ZnmM,which one are you? ingredient house or grab n go? #cooking #pasta #dinner,,19
YsYbXRDmucA,😋💗✨ #koreanfood #korean #corndog #cooking #husband #cravings,,24
Hk7tzYMyqFg,MUTTON NALLI PEPPER FRY | Mutton Bone Marrow Recipe Cooking in Village | Hot Spicy Mutton Recipe,"Today in the misty hills of Munnar, we cooked a flavorful Mutton Nalli Pepper Fry using hand-ground traditional masala and ...",26
Tm_r931vvl0,"$25,000 tacos exist… #recipe #cooking #foodasmr #food",,22
twzKED2F4YQ,Have lunch with me🥢 #asmr #food #asmrfood #cooking #shorts #noodles,,22
k7SL7ms5rts,Taco Bake 🌮  #Cooking #Dinner #EasyRecipe,,22
_CzcObq4Q9o,Should I listen to my kids??? #shorts #cooking #recipe,,22
XZBh3itO7NM,Online Game Gone Wrong 🎮 #gaming  #fail,,24
7zIaB6jQADM,I HaTe GaMiNg!!.. So i ate My Setup 😡🎮 (Gaming ASMR),,24
MxSog0rv5Lg,The Game of Life🎮,"Welcome to the energetic and funny ISSEI Channel!! Please subscribe if you like this videos, and hit the Like button and Share!",24
3A3wvTr5h4Y,Gaming ＞ Sleep,,24
mjaNqXqk-6c,When you have pink eye #comedy #funny #gamer #relatable #skit,,23
GyO1MtLhyt0,Ramp Car Racing - Car Racing 3D - Android Gameplay,Ramp Car Racing - Car Racing 3D - Android Gameplay Mahindra Bolero Driving | Indian Gadi Wala 3D Game #06 Realistic Car ...,24
HJpBQYT7jnY,tv game play with Bittu gaming #gameplay #handcam #trendingvideo,tv game play with Bittu gaming #gameplay #handcam #trendingvideo.,20
z4xAwyOYIdM,Karma ☠️😈 #shorts #scary #granny #ytshorts #nostalgia,,20
cqbsVbQZV4E,பண்ணையார் RANCH SIMULATOR SOUTHWEST #4 Live Tamil Gaming,Sponsor TamilGaming https://www.youtube.com/channel/UCCPWi_OwWMR5JTiujn7v-7g/join Google Pay UPI ID: ...,20
QClfZNvauEg,MY EPIC GAMING SETUP IS USING TOO MUCH POWER ⚡️😮 #gamingroom #gamingsetup #PS5 #gaming,,20
eMf_3A8_Ors,My Gaming Setup for Travel 🎮📲,"The perfect gaming setup for travel: All you need is a PS5 DualSense, a phone, and a mount. Just pair the controller via Bluetooth ...",23
fIH6R3dQqeg,Granny Game Horror Escape Gameplay | Granny Hug Me Ep03,very fantastic and pretty product check out:- Granny all update & links https://t.me/+XoRFyJRwnjAwMTQ9.,20
eAwebGPfme8,Driving 😳 | Gaming zone | #car #shorts #ytshorts #challenge #funny #gaming #gameplay #games,Driving | Gaming zone | #car #shorts #ytshorts #challenge #funny #gaming #gameplay #games #shortsfeed #trending ...,22
LtPmqzmNAC8,🎮 Games You Can Beat in Just Minutes!,"Ever thought you could beat a game right at the start? From Far Cry 5 and Far Cry 6, where walking away ends the game ...",20
yYhVn0vcCU0,How Different Game Characters Climb Up ⬆️,How Different Game Characters Climb Up #parkour #shorts #gaming.,17
R5cWETcH_lE,FreeFire 💀 vs PUBG 😈 vs Galaxy Z Fold 6 vs SAMSUNG S24 Ultra - GAMING TEST #freefire #pubg #shorts,,20
AmxVAR2S7sY,POWER OF GAMING WATCH 😁,POWER OF GAMING WATCH ✓ Your Queries #ytshorts #youtubeshorts #shorts #watch #freefire #Gaming #funnyvideo ...,20
GYHUVVtE9xI,GTA 6 Will Start A Console War,LIKE AND SUBSCRIBE ❤️ All Links https://beacons.ai/builtbygamers MERCH https://shop.builtbygamers.gg Become an ...,20
-kCePEEBjvc,Animation vs. Arcade Games (official),New Hoodies! and BLACK FRIDAY SALE 50% OFF: https://alanbecker.shop 🕹️ANIMATORS VS GAMES ...,1
SnaML50IQaE,99% Of Gamers Love These Things… #shorts #viral,,20
2xUjwvPb3s8,The 32 Most Popular Gaming Backsongs II Best NEFFEX Songs Of All Time || 2 hour neffex nonstop,NEFFEX #music Top NEFFEX Songs The 32 Most Popular Gaming Backsongs II Best NEFFEX Songs Of All Time Neffex ...,24
bV4zbKKMi-0,Optimal Gamer Morning Routine...,Optimal Gamer Morning Routine... 》》》SUBSCRIBE AND JOIN THE SQUAD 《 《 《 https://www.youtube.com/dimucc ...,20
faKfDn9N-xU,What we thought future game consoles would look like,shorts What we thought future game consoles would look like Join my discord server: https://discord.gg/nYAdBdtsCh Contact info ...,24
L3Yz4U4XHlM,One Of The Best Horror Games I’ve Played…,CaseOh X Starforge https://starforgepc.com/CaseOh GamerSupps -10% off Code CaseOh - https://gamersupps.gg/ Merch ...,20
oKqzTBi0glo,Cutest Dogs Details in Gaming 🐶❤️,Dogs in video games are more than just companions—they're family! From Fallout's Dogmeat to the adorable pups in Nintendo ...,20
b39iKu-M3jw,Ladki Paglu Dost 😂 @UnGraduateGamer  #freefire #gaming #shorts #sooneeta,Ladki Paglu Dost @UnGraduateGamer #freefire #gaming #shorts #sooneeta.,20
rVJaw6h1haE,iPhone 15 😈 vs POCO X6 PRO vs 2GB RAM vs 4GB RAM vs OLD Mobile 💀 - FREEFIRE TEST #freefire #shorts,"Welcome to Sameer Gaming! Your ultimate destination for epic Free Fire gameplay, headshot tricks, tournaments & tips!",20
ZggspAgMsyE,New Blue Mercedes G63 For Parking - 3d Driving Class android game || Car Game #gameplay #cargame,New Blue Mercedes G63 For Parking - 3d Driving Class android game || Car Game #gameplay #cargame 3d Driving Class ...,22
F_AIsK_d2ao,Il gamer che ha dormito 5 anni su un ponte,shorts #videogiochi #videogames #gaming #playstation #xbox #nintendo #pcgaming.,20
dODiz0qgNKQ,GTA 5 : PETER ENDED MICHAEL&#39;S FAMILY || BB GAMING,new channel link -https://www.youtube.com/@BBGAMING_2.0 BBISLIVE -https://www.youtube.com/@BBISLIVE VLOG CHANNEL ...,20
KRr0i2akDlk,"Beat This Game, Win $250,000",Don't miss out: https://playkom.info/MrBeastGaming Get King of Meat before Oct. 31 to unlock my exclusive bundle AND a rare ...,20
y6xUDVmtS8E,Minecraft RTX: What if ~85 NOPE NOPE NOPE #Shorts,Join this channel to get access to perks: https://www.youtube.com/channel/UC2gJotBXDcyOY-Ny6yDxtZg/join Minecraft is a ...,20
8G_stEQQtEQ,Gaming accessories I CAN NOT live without.  #gaming,,20
TljmNx3YK60,গরিব থেকে কোটিপতি পার্ট 98 | Free Fire Sad Story | Dibos Gaming,Take love from my heart Business mail dibosbusiness@gmail.com background music Disclaimer: This is a Gameplay Video made ...,20
BtmApPZVxDs,BRO SCARED THE OWNER😭💀 #roblox #stealabrainrot,,20
g0vJk2_RkYI,🤩Cars in GTA 5 VS RDR2 VS Cyberpunk 2077! - #Gaming #Shorts,Cars in GTA 5 VS RDR2 VS Cyberpunk 2077! GTA 5 | RDR2 | Cyberpunk 2077 | Grand Theft Auto 5 | Red Dead Redemption 2 ...,20
IOEtMFXeqcE,Tour போலாமா RV THERE YET? #3 Fun Game Co-op Live Tamil Gaming,Sponsor TamilGaming https://www.youtube.com/channel/UCCPWi_OwWMR5JTiujn7v-7g/join Google Pay UPI ID: ...,20
KOvkB26p_qI,Steal A Brainrot Admin Event Gameplay in Tamil | GAMING WITH SHINCHAN,Steal A Brainrot Admin Event Gameplay in Tamil | GAMING WITH SHINCHAN #roblox #gameplay #tamil #obby #escape ...,20
dksFbUymcAA,Ultimate Royal Going Crazyy 😍 Wmax is Live | BGMI,Device - Iphone 16 pro max. Headphones - Iphone wired. Here you watching pure 2018's player gameplay of Wmax !,20
m-0JAeXfIWU,Modified Mahindra Thar Car Games: Indian Cars (Gadi Wala Game) - Car Game Android Gameplay 2025,Modified Mahindra Thar Car Games: Indian Cars (Gadi Wala Game) - Car Game Android Gameplay 2025 Thar Gadi Car Thar ...,20
3gOD8YW4icc,hacker on house 😱 #viral #lakagaming #freefireshorts,,20
cA_lGosfPzo,Fastest Kill World Record in Free Fire #shorts,AmitBhai Makes Fastest Kill World Record in Free Fire || Desi Gamers #shorts #FreeFireShorts Vlogging Channel ...,20
aE0NmQWzgyo,Mastering Free Fire: Keyboard and Mouse Gameplay with Handcam,Mastering Free Fire: Keyboard and Mouse Gameplay with Handcam you're looking to take your Free Fire gameplay to the next ...,20
mTJ_F01iypA,TINY COLOUR WALI GAME MACHINE 🕹️📺⚾ #shorts #youtubeshorts #cricket #unboxing #ball #funny,VOTE FOR KAALA JAADU BALL ⚫  ⚾ Join this channel to get access to perks: ...,22
EK7Z7WWCbvk,Purchase La Casa Boo #brainrot #roblox #stealabrainrot #games #funny #tungtungtungsahur,,20
hZWNRBEdVpQ,Gaming As A Kid VS Now #Shorts,Gaming As A Kid VS Now #Shorts.,24
Xiq4OgZaKdE,Tonde Gamer Vs V Bagge Ghamandi Youtuber😤#shorts #trending #freefiremax,freefire #attitude #uqat dikha dii #shorts #trending #riot ff #shortvideo #shortsfeed.,20
SndtCyADem0,Top 3 Funniest Horror Game Screams (Bro got a whistle voice😭💅) #horrorgame #horrorgameplay #funny,Top 3 Funniest Horror Game Screams     Get ready for some side-splitting screams! We're talking about the absolute Top 3 ...,20
9JB8WuP673c,"a full-powered gaming PC, but TINY",building a Small Form Factor gaming PC in one stop - I forgot how fun these tiny PCs are to put together! all components picked ...,28
v8ZBis7QaPE,FINDING THE FLOW AGAIN! ❤️‍🔥| TOURNAMENT HIGHLIGHTS 💛| ADMINO GAMING |,Thanks For Watching Do subscribe for more….. And don't forget to follow me on Instagram for the latest updates ...,20
Mdm0xO8q4x4,Genius test/challange your mind #iqtest #maths #schoollife #teacher #education #genius #activity,,27
XcpTgxDEe6w,English compound words for kids #learning #english #easy #education,"Let's learn English! In this video you will learn compound words such as: Pan cake, Milk shake, Hot dog, Pop corn. Learning ...",24
_BHjXykHhYU,Kindergarten Sight Words: Yes | ABCmouse #learning #education #sightwordsforkids #kindergarten,Visit https://ABCmouse.com/LearnMore to find out more about our award-winning online learning program for children 2–8!,27
L5vZPc3iHyk,Let&#39;s Learn What&#39;s Hiding Inside Our Body 🧠❓ #kidsvideo #learning,"Ever wondered what's lurking beneath the surface of your own body? From creepy crawlies to bizarre bodily functions, today ...",26
qXXqz_wN3WQ,Number Adding game | Adding Numbers | Addition | Teacher Innovation Ideas | Learning through games,Welcome to Teacher Innovation Ideas Our channel is one of the best place to learn new teaching strategies and methods Our ...,27
AiRQx4w5pqc,Genius test/test your iQ #students #schoollife #education #school #mathstricks #funny #teacher #yt,,27
P6FORpg0KVo,How to Make Learning as Addictive as Social Media | Duolingo&#39;s Luis Von Ahn | TED,"When technologist Luis von Ahn was building the popular language-learning platform Duolingo, he faced a big problem: Could an ...",28
0IcrxnfuhuU,Interactive Flat Panel 75 Inch Digital Board For Classroom - Smart Board For Teaching - Touch Board,Looking for a smart interactive board for your classroom? The Studynlearn Interactive Flat Panel is an excellent choice! It's like ...,27
9-_Xpi2uEVM,China Amazing School #shorts #viral #school #china #facts #students #short #chineseschool #education,"CONTENT DISCLAIMER: The materials, including but not limited to images, music, pictures, and videos, used in this video are the ...",28
UFgvBOswsKw,Fun activity at schools 😂😂😂#education #learningatschool #challenge #joyful#viralvideos,,27
CASp7J5OsKI,Brain Test / I.Q Test / challenge your mind. #education #maths #students #donate #youtubeshorts,,22
AONlqzToMS8,Education Full Form🔥Full Form of Education👌#shorts #short,Education Full Form || Full Form of Education #Education.,27
cRwOEmTCRqA,Science is fun when you learn by doing. Water rocket made and launched by kids 🚀  Girls in STEM,,28
cI_sL3qRlnY,Learn with fun 🤗#activity #youtubeshorts #education #school,,24
0v9HxssBDNg,Napping in Class? The Surprising School Routine in China!,Chinese schools are ditching the fight against afternoon sleepiness and instead encouraging naps right in the classroom!,22
LEOQJ9q700s,Série : Éducation épisode 190 ( théâtre malien ),,22
hJP5GqnTrNo,How AI Could Save (Not Destroy) Education | Sal Khan | TED,"Sal Khan, the founder and CEO of Khan Academy, thinks artificial intelligence could spark the greatest positive transformation ...",28
V847DPsxU3I,Importance of education essay in english l Paragraph essay on important of education  #education,,10
0wpFTCgeulo,BRAIN TEST - 39 / teacher innovation ideas #education #maths #school #students #youtubeshorts,,22
nPjsBCxNjhM,New Activity I Fit the word in four blocks I Brain Exercise #shorts #ytshorts #activity #mindgames,New Activity I Fit the word in four blocks I Brain Exercise #shorts #ytshorts #activity #mindgames . Puzzle Puzzle Challenge mind ...,27
sgwcjPc6Niw,learn English words #shorts #short #reels #like #subscribe #viral #views #youtubeshorts #school #fyp,Learn English words.,22
mSC1GzBtAmA,Essay on &quot;Importance of Education&quot; in English/Paragraph of Importance of Education@alearningpoint,How can I write English essay on education Essay on education Best English essay on education Education essay Write simple ...,27
4NkNrGwqsiE,Learn Shapes &amp; Numbers Wooden Slider Tumbling Toys | Preschool Kids Learning 3D Educational Toddler,Watch Learn Shapes & Numbers Wooden Slider Tumbling Toys | Preschool Kids Learning 3D Educational Toddler. #learnshapes ...,27
_RlOLG6y2AQ,improve concentration skills in primary stage #education #students #youtubeshorts #trending,,22
EcRa855HxMI,Full Form of Education🔥Education Full Form 👌#shorts #short ,Full Form of Education  Education Full Form #shorts #short #Education.,27
1VjmNexsJvg,🫶🥰✨Welcome to ccrs school ~ #school #children #activity #ccrs,,22
Q_lXws-cBHA,Kindergarten Sight Words: Little | ABCmouse #learning #education #sightwordsforkids #kindergarten,Visit https://ABCmouse.com/LearnMore to find out more about our award-winning online learning program for children 2–8! Watch ...,27
_NHlcI7QXaI,Don’t Let School Take Your Phone! #law #education,DON'T Lose Your Phone at School! Subscribe to @LawByMike more law tips! ⭐ Become a member of THE INNER CIRCLE to get ...,27
jPGEDL5p8es,Remove Two letters to make four / innovative ideas #education #maths #school #teacher #students,,22
wNxbM2i4ILM,Importance of education l essay on importance of education l speech on importance of education,Importance of education l essay on importance of education l speech on importance of education @StudyYard-,27
qIsl1Jcf6Ls,Fun with students🤩                         #school #kannada #shwetateacher,,22
KVLTxKyxioA,"The Science of Teaching, Effective Education, and Great Schools","Scientific evidence suggests that the secret to thriving students and a good education are amazing teachers. To teach with us, gift ...",27
liyn5xWvx44,"Which country has the best education in the world? - The Global Story podcast, BBC World Service","A good education can help change lives, but some children face huge barriers. Click here to subscribe to our channel ...",25
VCHmyzkpqZ4,Essay on Importance of Education/Importance of Education essay/Essay Importance of Education English,Essay on Importance of Education/Importance of Education essay/Essay Importance of Education English About Video- essay on ...,27
DdNAUJWJN08,Noam Chomsky - The Purpose of Education,"Noam Chomsky discusses the purpose of education, impact of technology, whether education should be perceived as a cost or an ...",27
4V5R83TuxAM,How many &quot;o&quot;s are there here? / innovative ideas #education #maths #youtubeshorts ##school #teacher,,22
DkHfGGiQO2Q,School With No Exams 😱,factaholic #facts #facthilic #factholic #factoholic.,27
dqTTojTija8,I SUED THE SCHOOL SYSTEM (2025),Join my SCHOOL: https://www.skool.com/lifeyouniversity TEXT ME: 314-207-4482   URGENT: YouTube won't show you my ...,10
qJZFeo6yrv0,Kindergarten Sight Words: All | ABCmouse #learning #education #sightwordsforkids #kindergarten,Visit https://ABCmouse.com/LearnMore to find out more about our award-winning online learning program for children 2–8! Watch ...,27
0LER4ioJPd8,IQ TEST - 62 / Mind Game #education #maths #school #students #youtubeshorts #trending #braintest,,22
5lk8IRDsnOs,Luca(faster) #superclever #abacus #franchise #math #school #mentalarithmetic #education #abacusmath,,22
31phXUCfGhQ,New Recreational Color Jump Activity #education #school #shortvideo #viralvideo #trendingshorts,,24
qhCBqPwGXJo,Man exposes the entire education system 🥶,Welcome to Quotivation - your top source for daily motivation and personal growth! We focus on delivering powerful motivational ...,22
h6bs48nMUMY,Admissions Open. The Punjab Schools. #schools #admissionopen #education #schoollife #schoolstory,,22
BHmFMalHC3o,Education is No Longer for Everyone,Click Here To Get Books: https://linktr.ee/rakeshyadavbook आप WhatsApp Channel पर भी जुड़ सकते है (Free ...,27
n4Ya2QX1djY,Brain Test -01 / Test your IQ / Teacher innovation ideas #education #maths #school #students,Brain Test -01 / Test your IQ / Teacher innovation ideas #education #maths #school #students Your queries #trending ...,27
IMKld2IxVkc,Kindergarten Sight Words: No | ABCmouse #learning #education #sightwordsforkids #kindergarten,Visit https://ABCmouse.com/LearnMore to find out more about our award-winning online learning program for children 2–8! Watch ...,27
Z_sAFGNgEHg,Reasoning for primary #education #maths #school #students #youtubeshorts #trending,,22
iKUimXLGsMc,Learn How Our Digestive System Works 🍓 Kids Education Through Play with SuPaBoo,"Welcome to SuPaBoo Shorts channel!   SuPaBoo Shorts makes learning about safety fun and easy for little ones, helping them ...",1
3axfnC6fnDM,Les matières en français 🇫🇷 #apprendre #enfants #débutant #education #maternelle,,10
42wfEs7oIP8,CORTIS (코르티스) &#39;FaSHioN&#39; Official MV,CORTIS (코르티스) 'FaSHioN' Official MV The 1st EP 'COLOR OUTSIDE THE LINES' Out Now!,10
HpXgaOucHfk,[MOVE TO PERFORMANCE] CORTIS(코르티스) - FaSHioN (4K),[무브투퍼포먼스] 코르티스 - 패션 [MOVE TO PERFORMANCE] CORTIS - FaSHioN 퍼포먼스로 보면 더 좋다는 FaSHioN   (2:13) ...,24
u5IhtyOsEzE,CORTIS (코르티스) ‘FaSHioN&#39; Dance Practice (Fix ver.),Connect with CORTIS: https://www.tiktok.com/@cortis_bighit http://instagram.com/cortis https://weverse.io/cortis ...,24
OBQ5YZr0F0Y,CORTIS コルティス 코르티스 - FaSHioN [Music Bank] | KBS WORLD TV 250912,"CORTIS #コルティス #코르티스 #FaSHioN #MusicBank #뮤직뱅크 #ミュージックバンク #音乐银行 Fri 17:05 | Re-run : Sun 04:35, ...",24
n-dmLwFLYCU,[뮤뱅 원테이크 4K] 코르티스(CORTIS) &#39;FaSHioN&#39; 4K Bonus Ver. @뮤직뱅크(Music Bank) 250912,CORTIS #코르티스 #FaSHioN #원테이크 #원테이크4K More from #KBSKPOP Twitter: https://twitter.com/StudioK_twit Instagram: ...,10
UkeALDc51fA,The Evolution of Korean Women&#39;s Fashion 🇰🇷 👠,The Evolution of Korean Women's Fashion #koreanstyle #korean #korea #evolution #model #fashion.,22
WVkftpFjIDg,CORTIS (코르티스) &#39;FaSHioN&#39; Conceptual Performance Film,CORTIS (코르티스) 'FaSHioN' Conceptual Performance Film The 1st EP 'COLOR OUTSIDE THE LINES' Out Now!,10
5dNxz9VmYq0,#beautifulwoman #prettywoman #ootd #fashion #dress #model #usafashion #streetstyleusa,,22
Ys9SRswg7jY,CORTIS (코르티스) &#39;FaSHioN&#39; Live Performance @ RELEASE PARTY,Connect with CORTIS: https://www.tiktok.com/@cortis_bighit http://instagram.com/cortis https://weverse.io/cortis ...,24
9fU60gxNScI,Lady GaGa - Fashion,"Artist: 'Lady GaGa' Song: 'Fashion' Album: 'Confessions of a Shopaholic' Comment, Favourite, Rate, SUBSCRIBE! Enjoy! Lyrics: ...",10
RxkjPdtIO2I,Britney manson - fashion (slowed down),The photos and songs used on this website are not owned by the website owner. All copyrights and intellectual property rights for ...,22
OnYua2MG_tw,[릴레이댄스] CORTIS(코르티스) - FaSHioN (4K),[릴레이댄스] 코르티스 - 패션 [Relay Dance] CORTIS - FaSHioN 1초도 허투루 안 쓰는 알찬 코르티스 릴댄   (1:51) 주훈: '배워 봐' ...,24
Ft0SsoG8GIw,CORTIS (코르티스) &#39;FaSHioN&#39; (Color Coded Lyrics),All Rights Administered by Bighit Entertainment. • Artist: CORTIS (코르티스) • Song ♫: 'FaSHioN' .,10
qsexeDEDGss,CORTIS - &#39;FaSHioN&#39; Dance Practice [MIRRORED],CORTIS #코르티스 #CORTIS_FASHION #COLOR_OUTSIDE_THE_LINES #COTL.,22
yo6GklFH2sg,GEORGES HOBEIKA Spring 2022 Paris - Fashion Channel,GEORGES HOBEIKA Spring 2022 Paris - Fashion Channel Visit and Subscribe to Fashion Channel to find out more!,26
ZZ6ylOBauOg,How where you place your clothes can effect how your body shape looks! 💘 #pearshape #fashion,,22
9IWzV_tRYgw,How clothes looks online VS Reality 😂,,23
hXMGBuDInUU,The Evolution of Indian Women&#39;s Fashion 🇮🇳,The Evolution of Indian Women's Fashion #evolution #india #indian #womensfashion #woman #fashion.,22
3_Vfuw-zRP4,Have you been pronouncing ‘Versace’ correctly? ✨ #fashion #runway #supermodel,,22
LSZCzodU3L0,CORTIS (코르티스) - FaSHioN | Show! MusicCore | MBC250920방송,CORTIS (코르티스) - FaSHioN | Show! MusicCore | MBC250920방송 #CORTIS #FaSHioN #MBCKPOP More clips are ...,10
KqMUiwm5JDQ,"Chic &amp; Elegant Fashion for Women Over 40, 50 &amp; 60 #FashionOver50 #TimelessStyle","Explore chic and elegant fashion for women over 40, 50 & 60. Outfits that convey sophistication, beauty, and timeless charm.",22
vRfBuJjGzmY,Horsewalk or catwalk?!😎 #catwalk #fashion,,22
RVpxiYY2m2U,OMG😱Amazing hack for all😍#style #fashion#shortsfeed #hack,,22
OIHeebw5AIk,CORTIS - FaSHioN #엠카운트다운 EP.906 | Mnet 250918 방송,티빙에서 스트리밍 : https://tving.onelink.me/xHqC/30a78d6f M COUNTDOWN｜Ep.906 코르티스 - 패션 (CORTIS - FaSHioN) ...,24
qjPelVqFZeg,Guess who’s outfit is who’s (maximalist fashion edition) 🤔,,22
GuZiqstWfPI,How to Start a Fashion Trend 😘,,24
JV2qYzAVbSc,when you know how to sew👀🧵🪡 #fashion #fashiontrends #shorts  #tiktok #siblings,My Amazon Storefront! (items y'all asked about!) https://tr.ee/x6fkK58J2g ଘ(੭ˊᵕˋ)੭ ੈ♡‧₊˚ let's be friends !･ﾟ✧ instagram ...,24
CAuMZPaiCgY,Ageless Over 60 Style Along the French Riviera 🌊 #over60style  #maturefashion #coastalelegance,,22
w6xA64Wd_f0,FASHION meme || Looey Showtime skins || READ DESC #dandysworld,"bro y'all confused bc what ""Penelitian"" is   It has the same meaning as Research its my language:v it only costs 80 robux to me ...",22
hJyva7layGk,CORTIS (코르티스) - FaSHioN | Show! MusicCore | MBC250913방송,CORTIS (코르티스) - FaSHioN | Show! MusicCore | MBC250913방송 #CORTIS #FaSHioN #MBCKPOP More clips are ...,10
tMuiiUDY9FI,I tried making 2D clothes!,,26
OmSAgjPbNBI,"Elegant &amp; Timeless Italian Fashion for Women Over 40, 50 &amp; 60  #FashionOver50 #MatureFashion #Moda","Elegant Feminine Outfits | Timeless & Classy Style for Women Over 40, 50 & 60 Feel Confident in Chic and modest outfits ...",22
6oCuukwHV1I,CORTIS FaSHioN Easy Lyrics,CORTIS FaSHioN Easy Lyrics ..................................................................................... cortis fashion cortis fashion cortis fashion lyrics ...,10
ThligBzaFJk,THIS or THAT? Which style looks more chic on you? ✨ #styleconfidence #upgradeyourstyle,"Master the art of effortless style and boost your confidence with every outfit. In this video, Bo Brown shares the best fashion tips for ...",22
nUnAevtuliU,"Elegant &amp; Timeless  Fashion for Women Over 40, 50, 60 &amp; 70  #FashionOver50 #MatureFashion #Stil","Explore elegant and feminine fashion for women over 40, 50 & 60. Outfits that convey sophistication, grace, and timeless charm.",22
7PvjndwxpoM,Autumn Timeless Wardrobe Over60🍂#maturestyle #falloutfits #chicfashion #styleafter50 #timelesschic,,22
M9APdDCGKxQ,[여기서요?] 코르티스 CORTIS - FaSHioN | 커버댄스 Dance Cover @홍대,ARTBEAT DANCE VIDEO 멤버십에 가입해 ARTBEAT를 후원해 주세요!!,24
yycVNcishrE,"Britney Manson - FΛSHION (Single, 2023)","britneymanson #FΛSHION #fashion TRANS TIK-TOK SENSATION, MODEL AND ARTIST BRITNEY MANSON RELEASES ...",10
1uJurRtH064,how to ACTUALLY look cute in baggy clothes! for my girls who don’t like tight tops :) #outfitinspo,,22
7wg6daFC0-8,LINK IN BIO TO SHOP! Does she though? #streetwear #fashion #style #y2k #clothes,,22
U7edKBtYX04,which dress will you pick #jolipoli #fashion #runway #couture #model #fashionshow #hautecouture,Joli Poli Couture Spring 2026 | Barcelona Bridal Fashion Week.,22
Krbn5CKrKrE,Isis Fashion Show 2025 | Zaid Nakad vs Isis Fashion Show | Classic Style Meets Bold Fashion,Isis Fashion Show 2025 | Zaid Nakad vs Isis Fashion Show | Classic Style Meets Bold Fashion! Watch the ultimate fashion ...,25
nzb_KuqhETE,How to Look Elegant &amp; Powerful at 40+ | Fashion in Motion,belisvaya #fashionstyle #lookbook #italianstyle #fashion #style #fashionshow #shorts How to Look Elegant & Powerful at 40+ ...,26
M48CrsRxMbk,"Italian supermodel Vittoria Ceretti, what a perfect face, she&#39;s so beautiful!#vittoriaceretti",,22
RlhxiYkMMAk,5 Most Luxurious Fabrics! Credit: @dcopperman  #oldmoneyaesthetic #stayclassy #fashion #fabrics,,26
SxkODe_Bv5Q,Clothes I BETTER not see at school soon🙏🫶#fashion #school#style #shoes #aesthetic#clothes #cute,,22
CKeRy42jZNQ,The Evolution of French Women’s Fashion 🇫🇷,,22
TaVbf5y8E2I,Cortis - ‘FaSHioN’ Mirrored Dance Cover | #cortis_fashion,Follow me on social media! ☁️ @karinaavx__ ♡ Instagram: https://www.instagram.com/ karinaavx__/ ♡ TikTok: ...,24
K9PmepzxopE,Dress Your Baby Like a Star: Adorable Baby Fashion Show,"Disclaimer: This video is for parents, guardians, and adults interested in baby fashion and styling tips. It provides ideas and ...",22
oY3z5samcGU,Dumbest Fashion Trends In History,Follow me here: Instagram ▻ https://www.instagram.com/sambucha X ▻ https://www.x.com/sambucha Become a Member: ...,24
9bv0rBDxVrY,Sports You Never Knew Existed 👀,"Compilation of crazy sports within the world of Red Bull, including Red Bull Fierste Ljepper, Red Bull Slopesoakers, Red Bull ...",17
JNYz4YdOgFk,Nothing beats a clean pass 😮‍💨 #athletics #worldathleticschamps #sports #uk,Subscribe to our channel - https://www.youtube.com/worldathletics ⭐️ Follow us on Twitter - https://twitter.com/WorldAthletics ...,17
rNcMFBHikKc,Which sports should we do next? 😂,,17
VgqwYnhpcxM,The biggest heart ❤️  #shorts #sports #tennis #tennisplayer #delpotro #cute,,17
1af7esCt-Yc,Perfect pass 😤 #worldathleticschamps #running #sports #usa #relay,Subscribe to our channel - https://www.youtube.com/worldathletics ⭐️ Watch exclusive videos on Inside Track ...,17
oenu2K8e6oU,weight loss exercises at home #sports #fitness #trending #home workout,,26
sA_FtB4Etlg,When things don&#39;t go to plan 🥹 #athletics #sports #relays #japan,Subscribe to our channel - https://www.youtube.com/worldathletics ⭐️ Watch exclusive videos on Inside Track ...,17
szeXkBYq5HU,Beach Bunny - Sports (Official Audio),"Official Audio for ""Sports"" by Beach Bunny Beach Bunny's album 'Emotional Creature' Out Now: ...",10
EJrSji2JoGY,Top Sports Fails!😳,shorts #fail #sports Get ready to laugh and cringe at the same time with our compilation of the funniest and most epic sports fails!,17
5rtUBGbhVpg,When every rep brought you closer to your gold medal. 🥇 #Olympics #Tokyo2020 #Sports #JavelinThrow,Re-live ALL the incredible #Paris2024 action: ➡️ https://oly.ch/P24Replays. #Paris2024 replays: ...,17
k391xWc5K7I,Is it just us or are these coaches getting younger and younger? 🤭 🎥: @niadorner,Want to watch live sport and original documentaries for free? Check out our website: https://oly.ch/WatchLiveSport,17
kSq5Gfj8PwU,LIGHTWEIGHT STRESSED WATCHING THIS🫣👀 #curling #sports #womenssports (via grandslamofcurling/IG),,22
52iN7no-qpE,The MOST impossible finish in NBA history #shorts,"via @gdfactoryclips (TikTok) ✓ SUBSCRIBE, LIKE & COMMENT! ---- TikTok: https://bit.ly/3vwM3gn Instagram: ...",17
Lx4Cjuv9YrQ,Bro got leveled 😬 (via @packmoneycf3),They don't play around in 37U football #football #footballhighlights.,17
QjL7D33xpS4,Viagra Boys - Sports (Official Video),From the new album 'Street Worms' out 28th September: https://vb.lnk.to/streetwormsYD Listen to 'Sports': ...,10
Pb2c0Bl7skE,Wind BLOWS ball back over net! 🤯,The moment the wind blew the ball back over the net in the match between Emma Raducanu and Yafan Wang in the second ...,17
eTGDDaK3kK0,This sport looks tough 😱 (via @jaialaileague) #shorts,This sport looks tough (via @jaialaileague) #shorts ✔️ Subscribe to ESPN+ http://espnplus.com/youtube ✔️ Get the ESPN ...,17
1yf7OzfPFiY,What in the world sport is this?! 👀 #shorts,,17
qMzO9lL81Cw,Sha&#39;Carri making it look EASY 🏃‍♀️,"Sha'Carri Richardson showed off with a dominant performance at the NYC Grand Prix in June of 2022, winning the women's ...",17
85_47gq35l0,Running Exercise Yogita Walker #shorts #running #motivation,Running Exercise Yogita Walker #shorts #running #motivation.,17
Pgf5NUsDix0,The BEST entertainment in tennis! 😍,Mansour Bahrami is the most entertaining man in tennis and shows it in the exhibition match of the Australian Open. #Shorts ...,17
ZiOCYldomx8,She couldn&#39;t BELIEVE it! 💫,Aryna Sabalenka's match point against Leylah Fernandez in Round 3 of the 2025 US Open. Don't miss a moment of the US Open!,17
wAZ24Vt7Yuk,little emma conquering the vault. ❤️#Olympics #Gymnastics #ArtisticGymnastics #Sports,Want to watch live sport and original documentaries for free? Check out our website: https://oly.ch/WatchLiveSport 5 year old ...,17
nXuNTjUkazQ,&quot;That&#39;s why live sport is better than Hollywood.&quot; 🤩,Re-live ALL the incredible #Paris2024 action: ➡️ https://oly.ch/P24Replays All eyes were on the track for the men's 1500m final ...,17
K8UxsN6MlB0,He’s got that DAWG in him 🔥 #shorts,(via boomlumbus/IG) #football #truck #highlights #sports #littleleague.,17
D09QkQ8Cyow,Bolt&#39;s first 200m gold! 😍🥇,Want to watch live sport and original documentaries for free? Check out our website: https://oly.ch/WatchLiveSport The king of the ...,17
MP7Ea9qdBto,He wanted to swing. 💥 (📹: albertogonz50 / IG),Raked! Don't forget to subscribe! https://www.youtube.com/mlb Follow us elsewhere too: Twitter: https://twitter.com/MLB Instagram: ...,17
sw1zfIApapk,Some sick skate skills! 🛹 🔥 @sisa_solymosyova,Video Credits: @sisa_solymosyova - Make sure to give her a follow! Want to watch live sport and original documentaries for ...,17
xUfVnmu1vuA,1000 IQ play 🧠,smart #wnba #connecticut #basketball #IQ ✔️ Subscribe to ESPN+ http://espnplus.com/youtube ✔️ Get the ESPN App: ...,17
Y_hdQXQfsNg,Sports - You Are The Right One (Official Music Video),Music video by Sports performing You Are The Right One Shop: https://merch.sportsbandok.com/ Buy the Naked All The Time on ...,10
osb3HNKdQVY,"Extreme corner, unbelievable dive, outrageous splits 😮‍💨",,17
FlZ-KGXkKVQ,Top 5 hardest sports in the world 🌎😳 #sports,,24
nnrIDdB7FWw,Exercise at home #viralvideo #trending #strongabs #abs #fitness #sports #motivation #sports,,26
trMIh3wsjDk,Setting up for the ultimate spike! 🏐🔥📹: shinjyo8888 #Olympics #Paris2024 #Sports #Volleyball,Re-live ALL the incredible #Paris2024 action: ➡️ https://oly.ch/P24Replays. #Paris2024 replays: https://oly.ch/P24Replays ...,17
zCbbswzMIuA,"Hitting a $335,000 Gold Baseball",Solid gold baseball is impossible to hit. $2800 gold fix for $335000. We're asking for $360000 on TraxNYC.com #TraxNYC #Gold ...,24
xP2sT-nUtM0,Soccer vs. Gymnastics 😂 #gymnastics #soccer #futbol #gymnast #sports #sport #fails #flop #olympics,,20
_S-KnTnGgsY,How Cricket Changed Sports Forever,"If you're watching the 2023 US Open, you'll see an automated referee system called Hawkeye. More and more sports - tennis, ...",25
ida4L5cG7d4,India&#39;s hurdle queen Jyothi Yarraji is up for the challenge at 38th National Games | RFYS,India's hurdle queen is on track to set the field on ! We're keeping our for Jyothi Yarraji to set a new benchmark at ...,17
Guxqf_94I6M,Still can’t believe Shaq did this live 🤣,,17
xNNSn2UVUHc,What kind of sports do you play?😝 #fypシ゚ #viral #shorts #sports #trending #challenge #volleyball,,24
_lyAEL4Wqao,All Sports Golf Battle | Dude Perfect,Golf... minus the golf. ▻Click HERE for the Altered Course TV show! http://bit.ly/AlteredCourse Special thanks to Golf Channel for ...,17
sMSFmnKGqqw,Peleteiro power 🔥 #spain #triplejump #athletics #worldindoorchamps,Subscribe to our channel - https://www.youtube.com/worldathletics ⭐️ Watch exclusive videos on Inside Track ...,17
rQDwS4q4WNk,Women Beat Men In This Sport,"In most traditional sports, men tend to have a physical advantage. Part of that might come from the fact that men have historically ...",24
NOfWPyYF-sA,Did We Just Invent A Sport? 🤔,Professional Red Bull freerunner Jason Paul takes on EHC Red Bull München ice hockey player Konrad Abeltshauser in a ...,17
nCjUBkmrB60,Novak Djokovic&#39;s HUGE cricket shot! 🔥,Novak Djokovic changes out his cricket bat for a tennis racquet and hits a huge shot while playing with Jackson Warne and Steve ...,17
L_aiMdbhhuk,"IND Women vs SA Women, Final at Navi Mumbai, Women&#39;s World Cup, Nov 02 2025 - Live Cricket Score","IND Women vs SA Women, Final at Navi Mumbai, Women's World Cup, Nov 02 2025 - Live Cricket Score Live:India vs South ...",25
U6HDxdeWipU,200m final all India University 2024 #200m #shorts #sprinter #trending #athlete #army #ytshorts #yt,,22
jlrEpYqk3ho,You Have To Know About This Sport 🥶,Fierste Ljepper is a competition that takes place in the Netherlands where competitors have to vault across the canals to see who ...,17
MjcRgRW_Peo,The Most Dangerous Sport in Athletics,,24
HJInQGm2GgE,What a Race! 🇨🇦 #Paris2024,Watch all the #Paris2024 action LIVE! ➡️ https://go.olympics.com/watch #Olympics #Paris2024 #Olympics2024,17
RHtnrzct2RM,The latest Chinese technology trends are amazing,techno #short #technology #newphone.,25
VnZG9Zi73wI,Others Technologia Vs TheLastOne 🤯💀,Others Technologia Vs TheLastOne #usashorts #technology #technologia #technologie #usacontent #skulledit #newedit ...,24
qxRxcaPoYpQ,Top 3 most expensive and laxury mobile phone #tech #gadgets #short,"I'm going to tell you about three very expensive mobile phones that not everyone can afford, and they look very cool. Looking for ...",28
rbyud9N4zPM,Revolutionary carseat technology #china #shorts #tech,,22
ZSsrYRT99Yg,Samsung galaxy s23 ultra miniature unboxing 🤩🤩,,28
KCeEjhDMIv4,Samsung S22Ultra screen quality display. #Samsung #reel #reels #s23ultra,Instagram - https://www.instagram.com/techcave_ Copyright Disclaimer- Copyright Disclaimer under section 107 of the Copyright ...,28
_KIzFIgzuYQ,China’s Street Tech Looks Like 2050 🚀,"This invention from China proves they're living in 2050. Charging stations—some designed as benches, others as decorative ...",22
IOVKA9eBzkw,New invention #scienceproject #inventions #technology #tech #shorts,scienceproject #schoolproject #technology #inventions #gadgets #ideas #science.,28
gkklrVa8amY,The Most Futuristic Tech Of 2025.....,"Dive into the future with us at MWC Barcelona! We've uncovered tech that'll blow your mind, from earbuds that redefine audio to a ...",28
eSucdOAIwrg,5 Most BRUTAL Tech Pranks Ever!,"shorts #tech #prank I spend a LOT of time trying to make my videos as concise, polished and useful as possible for you - if you ...",28
4wZwXhoxRIA,15 Tech Gadgets I Use Every Day #shorts #justicebuys #tech,,22
gsJAlLOFBv0,TINY Tech That Actually Works,,28
e92Y3yx9u-A,3 Weirdest Minecraft Tech Products,3 Weirdest Minecraft Tech Products.,28
vwTL0SLEl1M,The New Connector That Beats HDMI and DisplayPort 🤯,,20
FelN4AKUfJI,Top 3 Best Useful Chinese Gadgets #tech #gadgets #short,I'm going to tell you about three Chinese gadgets that are useless to me but might be 100% useful to you. These gadgets look ...,28
T-F-vVNVQ50,Coolest New Technologies of 2025,"Coolest DIY Videos ▻ @YouBuildDIY This year's tech unveils are redefining what's possible, blending creativity and innovation to ...",28
aDt7WrHTnYw,Other Technology vs The Last One 🧠💡| #edit #technology #newyork #usa,"Note: This video uses edited clips from a source, which I've credited below. If you're the creator of any clip and have concerns, ...",22
RqMOyTUHDP0,College Tech Essentials,,27
82jYblR16QM,4 times tech SURVIVED disaster,"shorts #tech #smartphone #gadgets I spend a LOT of time trying to make my videos as concise, polished and useful as possible ...",28
Otim2mDjsYM,Top 17 New Technology Trends That Will Define 2026,"WATCH PART 2 HERE: https://www.youtube.com/watch?v=f-FyMY1LMwI&t=133s In this video, we reveal the top 17 breakthrough ...",28
f2BIzZOX-fY,Iphone17 ProMax Unboxing!!! #iphone #apple #17promax #technology,,22
8SIcDkceVsw,When Technology Becomes Art #Meibot #future #robot #art #tech #technology,When Technology Becomes Art #Meibot #future #robot #art #tech #technology.,22
iuLgq7bf6QY,New Innovation - 6 💥 #new #innovation #unique #tech #shorts,New Innovation - 6 #new #innovation #unique #tech #shorts.,26
qqeZ5Hcw1Tg,Meanwhile Android 💀,trollface #troll #editing #trending #zqotiz #viralshorts #phonk #aura #sigma #explore #fun #funk #viral #edits #zqotizedits #shorts ...,24
KArch4rjU_0,USB in USB #charger #technology #electronic #funny,Maybe stop plugging things into each other to see when they fail!!!,28
cEoamh4fDRY,iPHONE 17 VS S25 #samsung #tech #technology #android #iphone #techtok,,22
zSiV8rLna_s,Future of car technology that may hit our shores | 9 News Australia,"Well buckle up for some excitement! The Tokyo Motor Show is done and dusted for another year, and that means a wave of new ...",25
5upVC6YzQCE,Replacing my 3080 with a 4090 for 4K #gaming. #tech #pc #technology #shorts,Today I have a custom gaming pc that's getting an RTX 3080 swapped out with an RTX 4090. Overkill? Yes! This is my personal ...,28
ABw-VNs2hdM,Me from the #90s seeing computer technology from today. #nostalgia #90skids #millennials,,28
nyjuAqhaPaE,New Toilet Technology! 🤣😂 (best animation memes) #shorts,,24
xiv6IE915nc,30 year old IBM ThinkPad puts modern #tech to shame #pc #technology #shorts,This 30 year old IBM ThinkPad shows how important build quality is when it comes to making a laptop last. Back in 1994 this thick ...,28
MBQBY9b6OAU,I Tested Every YouTuber Tech Product,I tested tech products from the biggest YouTubers. Go to https://surfshark.com/boss or use code BOSS at checkout to get 4 extra ...,28
9Ztsy5EC6vk,Technologiya Bike 💀🏍️|#technologiya  #trolledit #sigmaboy,Technologiya Bike 🏍️|#technologiya #trolledit #sigmaboy @jps7r sigma boy sigma boy song sigma sigma sigma boy sprunki ...,24
9H7v3aG2Exc,5 Most DANGEROUS Tech Products,Do consider subscribing to my Shorts Channel! Main Mrwhosetheboss YouTube Channel: ...,28
De7s-IB_DAw,You&#39;re wasting money on Tech.,Leave a comment with how much this saved you :) Go to https://surfshark.com/boss or use code BOSS at checkout to get 4 extra ...,28
lCHqmzynO-s,Overrated vs. Underrated Tech,Join my Discord server: https://discord.gg/gohar I'll edit your college essay: https://nextadmit.com/services/essay/ Get into ...,27
mkcgVN90zl0,This Gadget BRICKS Your Phone!,shorts #tech #gadgets #socialmedia.,28
s2OccJMWwkM,REAL vs FAKE Tech,The fakes were a LOT better than I expected Get the Insta360 GO Ultra: the best POV vlogging cam: ...,28
kl9CvjeaddA,3 Tech Pranks to drive your friends Crazy 😂,Do consider subscribing to my Shorts Channel! Main Mrwhosetheboss YouTube Channel: ...,28
2ru4Nsab94w,creators give tech hot takes,We ask @ZachsTechTurf @TechJoyce @nerdonabudget and @MachoNachoProductions for their tech hot takes!,28
iPJfSknuO8I,I&#39;m the best technology moment ☠️,,22
7uFrtqSwYzM,APPLE Glass Revolutionizes AR Experience Forever!,"Discover the revolutionary world of augmented reality with the Apple Glass! In this video, we dive into the sleek design, ...",28
i5R1Yxh0Kc8,Amazing Power Full Tractor Work In The Field #tractor #farming #automobile #technology #shortvideo,,22
hL8tTeayfuA,Other Crazy Technology VS This One 💀☠️ #trollface #crazy #street #protection  #technology,Other Crazy Technology VS This One ☠️ #trollface #crazy #street #protection #technology.,24
Uy7rP_rXzv4,Cleaning a Lenovo Legion laptop to fix overheating #tech #pc #technology #shorts,The Lenovo Legion is actually a great gaming laptop packed with high performance technology that's super easy to work on.,28
MBpIM7Ks-Tc,Cleaning a Laptop that&#39;s GROSS and overheating (HUGE Alienware FAIL) #pc #tech #technology #shorts,Disgusting Alienware laptop is overheating and needs a deep cleaning. A high performance computer like this Alienware M15 R7 ...,28
obGieq1iv1k,Technology #technologia,,24
x23ACEzhARM,Technology Left The Room 😅😂,Technology Left The Room #mobilerepair #electronics #technology #soldering.,28
vfvQ-HRUm8Y,Why Did They Kill Your Childhood Tech?,shorts #tech #technology #techvideo.,28
PtyLfEo7yJs,Why I NEVER Recommend Gaming Laptops #tech #pc #technology #shorts,"What gaming laptop should I buy” is a question I get asked dozens of times a day, and my answer is always the same: Framework ...",28
